<?xml version="1.0" encoding="UTF-8"?>
<project-private xmlns="http://www.netbeans.org/ns/project-private/1">
    <editor-bookmarks xmlns="http://www.netbeans.org/ns/editor-bookmarks/2" lastBookmarkId="0"/>
    <open-files xmlns="http://www.netbeans.org/ns/projectui-open-files/2">
        <group>
            <file>file:/C:/PROYECTO/TRABAJO_FINAL_FINAL/TRABAJO_FINAL_FINAL/SOFTWARE_TIENDA_COMPUS/src/software_tienda_compus/Empleados.java</file>
            <file>file:/C:/PROYECTO/TRABAJO_FINAL_FINAL/TRABAJO_FINAL_FINAL/SOFTWARE_TIENDA_COMPUS/src/software_tienda_compus/Inventario.java</file>
            <file>file:/C:/PROYECTO/TRABAJO_FINAL_FINAL/TRABAJO_FINAL_FINAL/SOFTWARE_TIENDA_COMPUS/src/software_tienda_compus/Proveedores.java</file>
            <file>file:/C:/PROYECTO/TRABAJO_FINAL_FINAL/TRABAJO_FINAL_FINAL/SOFTWARE_TIENDA_COMPUS/src/software_tienda_compus/Ventas.java</file>
            <file>file:/C:/PROYECTO/TRABAJO_FINAL_FINAL/TRABAJO_FINAL_FINAL/SOFTWARE_TIENDA_COMPUS/src/software_tienda_compus/Empleado_agregar.java</file>
            <file>file:/C:/PROYECTO/TRABAJO_FINAL_FINAL/TRABAJO_FINAL_FINAL/SOFTWARE_TIENDA_COMPUS/src/software_tienda_compus/Empleado_editar.java</file>
            <file>file:/C:/PROYECTO/TRABAJO_FINAL_FINAL/TRABAJO_FINAL_FINAL/SOFTWARE_TIENDA_COMPUS/src/software_tienda_compus/Inventario_agregar.java</file>
            <file>file:/C:/PROYECTO/TRABAJO_FINAL_FINAL/TRABAJO_FINAL_FINAL/SOFTWARE_TIENDA_COMPUS/src/software_tienda_compus/Inventario_editar.java</file>
            <file>file:/C:/PROYECTO/TRABAJO_FINAL_FINAL/TRABAJO_FINAL_FINAL/SOFTWARE_TIENDA_COMPUS/src/software_tienda_compus/Proveedores_editar.java</file>
            <file>file:/C:/PROYECTO/TRABAJO_FINAL_FINAL/TRABAJO_FINAL_FINAL/SOFTWARE_TIENDA_COMPUS/src/software_tienda_compus/Proveedores_agregar.java</file>
            <file>file:/C:/PROYECTO/TRABAJO_FINAL_FINAL/TRABAJO_FINAL_FINAL/SOFTWARE_TIENDA_COMPUS/src/software_tienda_compus/Ventas_agregar.java</file>
            <file>file:/C:/PROYECTO/TRABAJO_FINAL_FINAL/TRABAJO_FINAL_FINAL/SOFTWARE_TIENDA_COMPUS/src/software_tienda_compus/Ventas_editar.java</file>
        </group>
    </open-files>
</project-private>
